﻿{
	"Version": "1.2.041.22",
	"Lang": "ru",
	"DebugLog": false,
	"ВерсияVA": "ver 1.2.041.22",
	"КаталогФич": "C:\\VA_Test\\Tests",
	"ДобавлятьКИмениСценарияУсловияВыгрузки": false,
	"ЗаписыватьВидеоВыполненияТестов": false,
	"КоличествоКадровВидеоВыполненияТестов": 5,
	"КомандаЗаписиВидеоВыполненияТестов": "ffmpeg",
	"КаталогДляЗаписиВидеоВыполненияТестов": "",
	"ИмяТекущейСборки": "",
	"ЗагрузкаФичПриОткрытии": 0,
	"ГенерироватьУФ": true,
	"СоздаватьОбластиПриГенерацииКода": true,
	"ВыводитьТекстМодуляВместоПерегенерацииEPF": false,
	"ВерсияПлатформыДляГенерацииEPF": "C:\\Program Files (x86)\\1cv8\\8.3.25.1336\\bin\\",
	"КомандаОткрытияФичиВТекстовомРедакторе": "",
	"ПоставщикПользовательскихНастроек": "NotUse",
	"АдресПользовательскихНастроек": "",
	"ИспользоватьРедакторVanessaEditor": true,
	"ТемаРедактораVanessaEditor": "vs",
	"ИспользоватьДанныеТекущейФормыПриПодбореШагов": false,
	"ПоказыватьСтрокиПодсценариевVanessaEditor": false,
	"ПоказыватьЗначенияПеременныхВСтрокахРедактора": true,
	"ОткрыватьНачальнуюСтраницуПриЗапуске": true,
	"ПоказыватьМиниатюруКода": true,
	"ЗаменятьТабыНаПробелы": false,
	"ВычислятьВыраженияВФигурныхСкобках": false,
	"ПриНажатииЭскейпВРедактореЗакрытьФорму": true,
	"ВыполнениеСценариев": {
		"ВыполнятьШагиАсинхронно": false,
		"ИнтервалВыполненияШагаЗаданныйПользователем": 0.1,
		"ОбновлятьСтатистикуВДереве": true,
		"ОбновлятьДеревоПриНачалеВыполненияСценария": true,
		"ОстановкаПриВозникновенииОшибки": false,
		"ПоказыватьНомерСтрокиДереваПриВозникновенииОшибки": false,
		"ПриравниватьPendingКFailed": true,
		"РазличатьBrokenИFailedПоКлючевомуСловуТогда": false,
		"ЗапрещатьПерезаписыватьПеременные": false,
		"ОбновлятьТаблицыФормыПриПолученииЗначения": false,
		"ПолучатьМакетыСПомощьюРасширенияVAExtension": false,
		"ВыполнятьSleepЧерезPing": false,
		"ТаймаутДляАсинхронныхШагов": 10,
		"МаксимальноеВремяВыполненияДействия": 0,
		"КоличествоСекундПоискаОкна": 10,
		"КоличествоПопытокВыполненияДействия": 3,
		"КоличествоПопытокВыполненияСценария": 1,
		"БезопасноеВыполнениеШагов": false,
		"ПаузаПриОткрытииОкна": 0,
		"НомерПервогоСценарияДляЗапуска": 0
	},
	"КлиентТестирования": {
		"ЗапускатьКлиентТестированияСМаксимизированнымОкном": true,
		"ТаймаутЗапуска1С": 150,
		"ДиапазонПортовTestclient": "",
		"ЗакрыватьКлиентТестированияПринудительно": true,
		"ОпределятьРеальныйПортНаКоторомЗапустилсяКлиентТестирования": false,
		"ПутьКadb": "",
		"ПовторноЗапускатьСеансКлиентаТестированияПриПодключенииЕслиНеНайденЕгоПроцесс": false,
		"ИнтервалЗапускаПроцессаКлиентаТестирования": 100,
		"КаталогФайловВыводаСлужебныхСообщений": "",
		"ТаймаутПередПринудительнымЗакрытиемКлиентаТестирования": 10,
		"МодальноеОкноПриЗапускеКлиентаТестированияЭтоОшибка": true,
		"ОтключитьЗапускРеглЗаданийВФайловойБазе": false,
		"ЗапускатьТестКлиентВРежимеОтладки": false,
		"КлючиОтладки": "",
		"АдресОтладчика": "",
		"ЗакрытьTestClientПослеЗапускаСценариев": true,
		"ДанныеКлиентовТестирования": [
			{
				"Имя": "УП-МояБаза",
				"Синоним": "",
				"ПутьКИнфобазе": "File = \"C:\\Users\\User\\Documents\\infobase\"",
				"ПортЗапускаТестКлиента": 48132,
				"ДопПараметры": "/N\"Администратор\" ",
				"ТипКлиента": "Тонкий",
				"ИмяКомпьютера": "localhost",
				"PIDКлиентаТестирования": 0
			}
		]
	},
	"ДелатьОтчетВФорматеАллюр": true,
	"ОтчетAllure": {
		"КаталогВыгрузкиAllure": "C:\\Users\\Usersource\\PycharmProjects\\pythonProject1\\some",
		"КаталогВыгрузкиAllureБазовый": "",
		"УровеньОтчета1": "ИмяФичи",
		"УровеньОтчета2": "ИмяМценария",
		"УровеньОтчета3": "",
		"ГруппировкаTestSuites": "ИмяФичи",
		"ПрикладыватьКОтчетуAllureЖурналРегистрацииВыполненияСценария": false,
		"ПрикладыватьКОтчетуAllureДанныеОСостоянииАктивнойФормы": false,
		"ПрикладыватьКОтчетуAllureДанныеОЗначенияхПеременных": false,
		"ПрикладыватьФайлыMxlКОтчетуAllure": true,
		"ПрикладыватьФайлыXlsxКОтчетуAllure": true,
		"ПрикладыватьФайлыMxlСохраненныеВФорматеHTMLКОтчетуAllure": true,
		"ПрикладыватьДополнительныеДанныеПриСравненииЗначенияСЭталономAllure": false,
		"ПодставлятьВОтчетеAllureЗначенияПеременных": true,
		"ПрикладыватьКОтчетуAllureДанныеОСостоянииВсехФорм": false,
		"ПрикладыватьКОтчетуAllureДанныеОСетевыхСоединениях": false,
		"ПрикладыватьКОтчетуAllureДанныеОПроцессахОС": false,
		"ТегиПропускающиеСценарийAllure": "",
		"КаталогОтносительноКоторогоНадоСтроитьИерархию": "",
		"ДанныеАллюрМеток": []
	},
	"ДелатьОтчетВФорматеjUnit": false,
	"СкриншотыjUnit": false,
	"ОтчетJUnit": {
		"КаталогВыгрузкиJUnit": "",
		"ЗаписыватьСценарииВJunitЧерезTestSuite": false
	},
	"ДелатьОтчетВФорматеCucumberJson": false,
	"ОтчетCucumber": {
		"КаталогВыгрузкиCucumberJson": ""
	},
	"ДелатьОтчетВФорматеСППР": false,
	"ОтчетСППР": {
		"КаталогВыгрузкиСППР": "",
		"ИмяКонфигурацииСППР": "",
		"ВерсияКонфигурацииСППР": ""
	},
	"АвтонумерацияШагов": true,
	"ТекстовыеИнструкцииГруппаШаговКакШаг": true,
	"ДобавлятьИмяФичиВТекстовуюИнструкцию": false,
	"ДобавлятьИмяСценарияВТекстовуюИнструкцию": false,
	"СоздаватьИнструкциюHTML": false,
	"ИнструкцияHTML": {
		"КаталогВыгрузкиИнструкцийHTML": "",
		"СтилиHTMLИнструкции": "",
		"ВключитьОзвучкуHTML": false,
		"ТемпОзвучкиHTML": 0,
		"ДиапазонОзвучкиHTML": 0,
		"ГолосОзвучкиHTML": "5",
		"ВариантСтилейHTMLИнструкции": 2
	},
	"СоздаватьИнструкциюMarkdown": false,
	"ИнструкцияMarkdown": {
		"КаталогВыгрузкиИнструкцийMarkdown": ""
	},
	"ДелатьОтчетВоВнутреннемФормате": false,
	"СписокТеговИсключение": [
		"ignoreoncimainbuild"
	],
	"ДелатьЛогВыполненияСценариевВЖР": false,
	"ДелатьЛогВыполненияСценариевВТекстовыйФайл": false,
	"ВыводитьВЛогВыполнениеШагов": false,
	"ПодробныйЛогВыполненияСценариев": false,
	"ВыводитьЛогВКонсоль": false,
	"ЗвуковоеОповещениеПриОкончанииВыполненияСценария": true,
	"ПоказыватьОкноОстановкиВыполненияСценария": true,
	"ИспользоватьДляОстановкиВыполненияСценарияФайл": true,
	"РазрешеноЗапускатьТолькоОдинКлиентТестирования": false,
	"ПроверкаСерверныхВызововВОбработчикахСобытий": false,
	"ПоказыватьОкноОстановкиЗаписиДействийПользователя": true,
	"ОтображатьЗакладкиСверху": false,
	"ПоказыватьРазличияВРедактореОтдельно": true,
	"ПроверкаСинтаксисаВРедакторе": true,
	"ОтображениеТабуляцииИПробелов": 0,
	"ДелатьЛогОшибокВТекстовыйФайл": false,
	"СобиратьДанныеОСостоянииАктивнойФормыПриОшибке": false,
	"СобиратьДанныеОСостоянииВсехФормПриОшибке": false,
	"СобиратьДанныеОСетевыхСоединениях": false,
	"СобиратьДанныеОПроцессахОС": false,
	"СобиратьДанныеОЗначенияхПеременных": false,
	"КомандаЗапускаБраузера": "",
	"ИспользоватьБраузерПлюсWebSocket": false,
	"ЭмулироватьДвиженияМышкиVanessaExt": false,
	"ЭмулироватьВводКлавиатурыVanessaExt": false,
	"СмещениеПоГоризонталиДвиженияМышкиVanessaExt": 0,
	"СмещениеПоВертикалиДвиженияМышкиVanessaExt": 0,
	"КоличествоШаговПриДвиженииМышкиVanessaExt": 150,
	"ПаузаМеждуШагамиПриДвиженииМышкиVanessaExt": 3,
	"ПодсвечиватьКликМышкиВБраузереVanessaExt": false,
	"ЦветПодсветкиКликаМышкиVanessaExt": 255,
	"РадиусПодсветкиКликаМышкиVanessaExt": 30,
	"ДлительностьПодсветкиКликаМышкиVanessaExt": 12,
	"ТолщинаПодсветкиКликаМышкиVanessaExt": 12,
	"ПрозрачностьПодсветкиКликаМышкиVanessaExt": 127,
	"ПоискКартинокСПомощьюКомпонентыVanessaExt": true,
	"ПорогПоискаКартинки": 0.99,
	"ИгнорироватьОшибкиПоискаЭлементовВБраузере": false,
	"ИспользоватьUIAutomation": false,
	"КоэффициентМасштабированияЭкрана": 1,
	"ИмяФайлаЛогВыполненияСценариев": "",
	"ИмяКаталогаЛогОшибок": "",
	"КомандаСделатьСкриншот": "\"C:\\Program Files (x86)\\IrfanView\\i_view32.exe\" /capture=1 /convert=",
	"ИспользоватьКомпонентуVanessaExt": false,
	"ЗавершатьРаботуЕслиНеПолучилосьВыполнитьТихуюУстановкуКомпоненты": false,
	"ИспользоватьПарсерGherkinИзКомпонентыVanessaExt": true,
	"ПоискФайловСПомощьюКомпонентыVanessaExt": false,
	"ИспользоватьВнешнююКомпонентуДляСкриншотов": false,
	"СпособСнятияСкриншотовВнешнейКомпонентой": 0,
	"ДелатьСкриншотПриВозникновенииОшибки": false,
	"ВыгружатьСтатусВыполненияСценариевВФайл": true,
	"ПутьКФайлуДляВыгрузкиСтатусаВыполненияСценариев": "./BuildStatus.log",
	"СниматьСкриншотКаждогоОкна1С": false,
	"СниматьСкриншотыБраузера": true,
	"КаталогВыгрузкиСкриншотов": "",
	"КаталогПроекта": "C:\\VA_Test\\Tests",
	"КаталогКешОзвучкиДляИнтерактивнойСправки": "",
	"СоздаватьФайлыОзвучкиДляСправки": false,
	"ПодключатьГорячуюКлавишуДляПолученияСправкиОбЭлементе": true,
	"ЗакрыватьСценарийИнтерактивнойСправкиПослеВыполнения": true,
	"ПоказыватьПомощникПриПервомЗапуске": true,
	"ОбучениеЗапуститьУрок": true,
	"ОбучениеВидео": true,
	"ОбучениеPDF": true,
	"ОбучениеMD": true,
	"ИспользоватьШаблонНовойФичи": false,
	"ПутьКШаблонуНовойФичи": "",
	"СоздаватьИнструкциюВидео": false,
	"ОзвучиватьВыполнениеСценария": false,
	"ЗаписьВидео": {
		"КаталогВыгрузкиИнструкцийВидео": "",
		"ЗаписьВидеоКомандаНачатьЗаписьВидео": "",
		"ЗаписьВидеоИнструмент": "ffmpeg",
		"ЗаписьВидеоЭкранШирина": 0,
		"ЗаписьВидеоЭкранВысота": 0,
		"ЗаписьВидеоЭкранСлева": 0,
		"ЗаписьВидеоЭкранСверху": 0,
		"ЗаписьВидеоКоличествоКадров": 0,
		"ЗаписьВидеоФайлКурсораМышки": "",
		"ЗаписьВидеоПодсвечиватьАктивныеЭлементыФорм": false,
		"ЗаписьВидеоПеремещатьКурсорМышкиКАктивномуЭлементуФормы": false,
		"ЗаписьВидеоКаталогДляВременныхФайлов": "",
		"ЗаписьВидеоФайлВодянойЗнак": "",
		"ЗаписьВидеоКомандаFfmpeg": "ffmpeg",
		"ЗаписьВидеоКомандаConvert": "magick convert",
		"ЗаписьВидеоКаталогМузыки": "",
		"ЗаписьВидеоГромкостьМузыки": 0,
		"ЗаписьВидеоДелатьНаложениеTTS": false,
		"ЗаписьВидеоТипОзвучкиTTS": 1,
		"ЗаписьВидеоYandexTTSЯзык": "ru-RU",
		"ЗаписьВидеоYandexTTSГолос": "oksana",
		"ЗаписьВидеоYandexTTSЭмоция": "good",
		"ЗаписьВидеоYandexTTSСкорость": 1.1,
		"ЗаписьВидеоYandexTTSИдентификаторКаталога": "",
		"ЗаписьВидеоYandexTTSOauthToken": "",
		"ЗаписьВидеоYandexTTSApiKey": "",
		"ЗаписьВидеоYandexTTSВариантЗапроса": 0,
		"ЗаписьВидеоAmazonГолос": "",
		"ЗаписьВидеоAmazonДвижок": "",
		"ЗаписьВидеоAmazonЯзык": "",
		"ЗаписьВидеоAmazonРегион": "us-east-1",
		"ЗаписьВидеоAmazonКлючДоступа": "",
		"ЗаписьВидеоAmazonСекретныйКлюч": "",
		"ЗаписьВидеоСберTTSГолос": "",
		"ЗаписьВидеоСберTTSClientID": "",
		"ЗаписьВидеоСберTTSClientSecret": "",
		"ЗаписьВидеоПутьКДвижкуTTS": "",
		"ЗаписьВидеоИмяTTS": "",
		"ЗаписьВидеоСловарьЗамен": [],
		"ЗаписьВидеоГруппаШаговКакШаг": true,
		"ЗаписьВидеоОтключитьМасштабированиеШаговПоВремени": false,
		"ЗаписьВидеоПодсвечиватьНажатияМышки": false,
		"ЗаписьВидеоОтключитьСлайдСЗаголовкомФичи": false,
		"ЗаписьВидеоОтключитьСлайдСценария": false,
		"ЗаписьВидеоОтключитьСлайдФинал": false,
		"ЗаписьВидеоЭмулироватьВводСКлавиатуры": false,
		"ЗаписьВидеоСкрытьСлужебныеОкна": false,
		"ЗаписьВидеоСкоростьПроизношения": 0,
		"ЗаписьВидеоКэшироватьФайлыTTS": false,
		"ЗаписьВидеоКэшФайловTTS": "",
		"ЗаписьВидеоКэшироватьВидеоВставки": false,
		"ЗаписьВидеоКэшВидеоВставок": "",
		"ЗаписьВидеоДобавлятьСубтитры": false,
		"ЗаписьВидеоПроцентУскорения": 0,
		"ЗаписьВидеоФормироватьИнструкциюТипВидео": true,
		"ЗаписьВидеоФормироватьИнструкциюТипHTML": false,
		"ЗаписьВидеоФормироватьИнструкциюТипMarkdown": false,
		"ЗаписьВидеоЭмулироватьДвиженияМышкиSikuliX": false,
		"ЗаписьВидеоПутьКОбработкеДвижкаTTS": "",
		"ЗаписьВидеоЗаменитьСлайдЗаголовок": false,
		"ЗаписьВидеоПутьКСлайдуЗаголовок": "",
		"ЗаписьВидеоДобавитьМузыкуКСлайдуЗаголовок": false,
		"ЗаписьВидеоЗаменитьСлайдФинал": false,
		"ЗаписьВидеоПутьКСлайдуФинал": "",
		"ЗаписьВидеоДобавитьМузыкуКСлайдуФинал": false,
		"НастройкиДругогоДвижкаTTS": []
	},
	"ИспользоватьSikuliXСервер": false,
	"SikuliXServer": {
		"КаталогиСкриптовSikuliX": "",
		"КаталогДляГенерацииКартинок": ""
	},
	"ИскатьЭлементыФормыПоИмени": true,
	"ДобавлятьПриНакликиванииМетаИнформацию": false,
	"ТегTreeВключенПоУмолчанию": true,
	"КаталогВременныхФайлов": "",
	"ВыполнитьСценарии": true,
	"ЗавершитьРаботуСистемы": true,
	"ДымовыеТесты": {
		"ДымовыеТестыЯзыкШагов": "ru",
		"ДымовыеТестыКаталогВыходныхФайлов": "",
		"ДымовыеТестыОчищатьКаталогВыходныхФайлов": false,
		"ДымовыеТестыКаталогФайловИсключений": "",
		"ДымовыеТестыТолькоВведенныеОбъекты": false,
		"ДымовыеТестыТолькоИзмененныеОтностительноКонфигурацииПоставщика": false,
		"ДымовыеТестыИмяКонфигурацииПоставщика": "Конфигурация",
		"ДымовыеТестыПутьКФайлуНастроекСценариев": ""
	}
}